timeStamp,elapsed,label,responseCode,responseMessage,threadName,dataType,success,failureMessage,bytes,sentBytes,grpThreads,allThreads,URL,Latency,IdleTime,Connect
1588786764377,3680,q96,200,OK,Thread Group 1-1,text,true,,14,0,1,1,null,3678,0,930
1588786768058,5790,q7,200,OK,Thread Group 1-1,text,true,,8784,0,1,1,null,5735,0,0
1588786773849,6354,q19,200,OK,Thread Group 1-1,text,true,,5982,0,1,1,null,6302,0,0
1588786780203,6927,q25,200,OK,Thread Group 1-1,text,true,,16188,0,1,1,null,6825,0,0
1588786787130,30211,q78,200,OK,Thread Group 1-1,text,true,,3762,0,1,1,null,30060,0,0
1588786817342,3799,q1,200,OK,Thread Group 1-1,text,true,,1714,0,1,1,null,3699,0,0
1588786821141,3218,q91,200,OK,Thread Group 1-1,text,true,,2646,0,1,1,null,3168,0,0
1588786824360,4789,q43,200,OK,Thread Group 1-1,text,true,,14155,0,1,1,null,4738,0,0
1588786829148,1952,q45,200,OK,Thread Group 1-1,text,true,,2185,0,1,1,null,1901,0,0
1588786831101,64077,q64,200,OK,Thread Group 1-1,text,true,,1153895,0,1,1,null,63868,0,0
1588786895179,7286,q33,200,OK,Thread Group 1-1,text,true,,2084,0,1,1,null,7186,0,0
1588786902465,9213,q46,200,OK,Thread Group 1-1,text,true,,4489,0,1,1,null,9163,0,0
1588786911678,1715,q62,200,OK,Thread Group 1-1,text,true,,4668,0,1,1,null,1665,0,0
1588786913393,35896,q10,200,OK,Thread Group 1-1,text,true,,4881,0,1,1,null,35595,0,0
1588786949289,5378,q63,200,OK,Thread Group 1-1,text,true,,3767,0,1,1,null,5327,0,0
1588786954668,32412,q69,200,OK,Thread Group 1-1,text,true,,3897,0,1,1,null,32111,0,0
1588786987079,7942,q60,200,OK,Thread Group 1-1,text,true,,3303,0,1,1,null,7842,0,0
1588786995021,18217,q59,200,OK,Thread Group 1-1,text,true,,15585,0,1,1,null,18116,0,0
1588787013239,9583,q85,200,OK,Thread Group 1-1,text,true,,2668,0,1,1,null,9433,0,0
1588787022823,7930,q28,200,OK,Thread Group 1-1,text,true,,322,0,1,1,null,7780,0,0
1588787030753,10305,q81,200,OK,Thread Group 1-1,text,true,,13225,0,1,1,null,10204,0,0
1588787041059,5850,q97,200,OK,Thread Group 1-1,text,true,,68,0,1,1,null,5800,0,0
1588787046909,7580,q17,200,OK,Thread Group 1-1,text,true,,16991,0,1,1,null,7479,0,0
1588787054489,38534,q47,200,OK,Thread Group 1-1,text,true,,11205,0,1,1,null,38384,0,0
1588787093024,3325,q3,200,OK,Thread Group 1-1,text,true,,4805,0,1,1,null,3275,0,0
1588787096349,7984,q51,200,OK,Thread Group 1-1,text,true,,5002,0,1,1,null,7883,0,0
1588787104332,36167,q35,200,OK,Thread Group 1-1,text,true,,5177,0,1,1,null,35867,0,0
1588787140500,17717,q49,200,OK,Thread Group 1-1,text,true,,2815,0,1,1,null,17616,0,0
1588787158217,10328,q9,200,OK,Thread Group 1-1,text,true,,132,0,1,1,null,10228,0,0
1588787168545,26347,q31,200,OK,Thread Group 1-1,text,true,,28501,0,1,1,null,26196,0,0
1588787194893,14891,q11,200,OK,Thread Group 1-1,text,true,,5847,0,1,1,null,14740,0,0
1588787209784,13981,q93,200,OK,Thread Group 1-1,text,true,,912,0,1,1,null,13931,0,0
1588787223766,7994,q29,200,OK,Thread Group 1-1,text,true,,15436,0,1,1,null,7894,0,0
1588787231760,5168,q89,200,OK,Thread Group 1-1,text,true,,8532,0,1,1,null,5118,0,0
1588787236928,1962,q15,200,OK,Thread Group 1-1,text,true,,2038,0,1,1,null,1911,0,0
1588787238890,2791,q52,200,OK,Thread Group 1-1,text,true,,4811,0,1,1,null,2691,0,0
1588787241681,11681,q50,200,OK,Thread Group 1-1,text,true,,9103,0,1,1,null,11631,0,0
1588787253363,2755,q42,200,OK,Thread Group 1-1,text,true,,421,0,1,1,null,2705,0,0
1588787256119,12936,q88,200,OK,Thread Group 1-1,text,true,,163,0,1,1,null,12786,0,0
1588787269056,21561,q57,200,OK,Thread Group 1-1,text,true,,8762,0,1,1,null,21410,0,0
1588787290618,9100,q65,200,OK,Thread Group 1-1,text,true,,10306,0,1,1,null,9000,0,0
1588787299718,5636,q71,200,OK,Thread Group 1-1,text,true,,12225329,0,1,1,null,5257,0,0
1588787305355,3815,q34,200,OK,Thread Group 1-1,text,true,,588211,0,1,1,null,3744,0,0
1588787309170,8893,q30,200,OK,Thread Group 1-1,text,true,,10063,0,1,1,null,8792,0,0
1588787318063,3603,q73,200,OK,Thread Group 1-1,text,true,,6315,0,1,1,null,3552,0,0
1588787321666,4649,q84,200,OK,Thread Group 1-1,text,true,,3725,0,1,1,null,4599,0,0
1588787326315,2680,q55,200,OK,Thread Group 1-1,text,true,,4227,0,1,1,null,2630,0,0
1588787328995,7041,q56,200,OK,Thread Group 1-1,text,true,,3106,0,1,1,null,6941,0,0
1588787336036,6824,q2,200,OK,Thread Group 1-1,text,true,,86777,0,1,1,null,6771,0,0
1588787342861,4507,q26,200,OK,Thread Group 1-1,text,true,,8501,0,1,1,null,4457,0,0
1588787347368,5602,q53,200,OK,Thread Group 1-1,text,true,,3633,0,1,1,null,5551,0,0
1588787352970,5640,q79,200,OK,Thread Group 1-1,text,true,,3884,0,1,1,null,5589,0,0
1588787358610,20771,q4,200,OK,Thread Group 1-1,text,true,,5874,0,1,1,null,20520,0,0
1588787379381,5399,q99,200,OK,Thread Group 1-1,text,true,,526,0,1,1,null,5299,0,0
1588787384781,9023,q68,200,OK,Thread Group 1-1,text,true,,6975,0,1,1,null,8872,0,0
1588787393804,3590,q83,200,OK,Thread Group 1-1,text,true,,6726,0,1,1,null,3488,0,0
1588787397394,8013,q61,200,OK,Thread Group 1-1,text,true,,76,0,1,1,null,7913,0,0
1588787405408,4105,q76,200,OK,Thread Group 1-1,text,true,,6691,0,1,1,null,4005,0,0
